https://matsukiyo-career.net/brand-jobfind/area/All?jobtype=00024,00027,00028,00030,00006&employmentform=04&page=2
https://chateraise-job.net/brand-jobfind/area/Kanto/All?page=2
https://studio-clip-recruit.net/brand-jobfind/area/All?jobtype=00003,00001,00010,00002,00009,00004&page=2
https://starbucks-job.jp/jobfind-pc/area/All?workingtime=NIGHT%2CDAY%2CMORNING&page=2
https://starbucks-job.jp/jobfind-pc/area/All?jobtype=00008%2C00005%2C00001%2C00002&page=2
https://seiyu-recruit.com/jobfind-pc/area/All?jobtype=00001%2C00017%2C00022%2C00018%2C00019%2C00012%2C00013%2C00007%2C00008&page=2
https://kanesue-job.net/jobfind-pc/area/All?merit=1029%2C1030&page=2
https://mos-recruit.net/jobfind-pc/area/All?merit=1031%2C1100&page=2
https://yossix-job.com/jobfind-pc/area/All?jobtype=00004%2C00002%2C00005&brand=7%2C9%2C3%2C4&page=2
https://asbee-recruit.net/brand-jobfind/area/All?merit=1029,1007,1032,1053,1054&page=2
https://zagzag-recruit.net/jobfind-pc/area/All?jobtype=00012%2C00040%2C00046%2C00069%2C00066%2C00029&merit=1052%2C1030&page=2
https://cifpa-recruit.net/jobfind-pc/area/All?jobtype=00008%2C00005%2C00001%2C00006%2C00004%2C00011%2C00003&brand=4%2C6%2C5%2C3&page=2
https://gu-staff.jp/jobfind-pc/area/Tokai/All?merit=1048&page=2
https://gu-staff.jp/jobfind-pc/area/Tokai/Aichi?page=2
https://matugen-saiyou.net/jobfind-pc/area/All?jobtype=00021%2C00029%2C00014%2C00004%2C00015%2C00036%2C00010%2C00011%2C00007%2C00043%2C00001%2C00016&page=2
https://job-kfc.net/jobfind-pc/area/HokkaidoTohoku/Aomori?page=2
https://sugi-job.net/jobfind-pc/area/All?jobtype=00014%2C00015%2C00008%2C00005%2C00013%2C00011%2C00009%2C00002&merit=1032%2C1031%2C1034&workingtime=MORNING%2CEVENING&brand=1%2C3%2C2%2C4&page=2
https://shigezo-recruit.net/jobfind-pc/area/All?jobtype=00001%2C00003%2C00004%2C00005%2C00006%2C00015%2C00020%2C00013&merit=1036&page=2
https://uniqlo-staff.jp/jobfind-pc/area/Kansai/All?page=2
https://nishimatsuya-shigoto.net/jobfind-pc/area/Kanto/Tokyo?page=2
https://can-job.net/jobfind-pc/area/All?jobtype=00006%2C00009&merit=1032%2C1048&page=2
https://wako-group-recruit.net/jobfind-pc/area/All?jobtype=00003%2C00008%2C00001&brand=2%2C5%2C1%2C15&page=2
https://aeon-ryukyu-job.net/jobfind-pc/area/All?employmentform=09%2C08%2C10&brand=2%2C1%2C6&page=2
https://kisoji-job.net/jobfind-pc/area/All?jobtype=00015%2C00007%2C00013%2C00001%2C00008%2C00010%2C00009%2C00011%2C00005%2C00004&brand=12%2C5%2C2&page=2
https://kusuri-aoki-recruit.net/jobfind-pc/area/KoshinetuHokuriku/Niigata/15202?page=2
https://onward-recruit.net/jobfind-pc/area/All?merit=1036%2C1031%2C1028%2C1034&page=2
https://adastria-recruit.net/jobfind-pc/area/All?jobtype=00001%2C00011%2C00007%2C00010%2C00002&merit=1007%2C1043%2C1042&brand=6%2C36%2C34%2C28%2C3%2C32%2C33%2C39%2C8%2C13%2C70%2C1&page=2
https://mybstaff.net/jobfind-pc/area/Kanto/Tokyo/13107?page=2
https://mybstaff.net/jobfind-pc/area/Kanto/Tokyo/13119?page=2
https://crew.lawson.co.jp/jobfind-pc/area/ChugokuShikoku/Kagawa/37201,37387?page=2
https://ippudo-arbeit.net/jobfind-pc/area/Kanto/All?jobtype=00004%2C00005%2C00018%2C00017%2C00014%2C00012%2C00019&brand=11%2C1&page=2
https://trial-recruit.net/jobfind-pc/area/KyushuOkinawa/All?jobtype=00012%2C00046%2C00005%2C00017%2C00003%2C00009%2C00001%2C00026&workingtime=DAY%2CMORNING%2CEVENING&page=2
https://arclands-staff.net/jobfind-pc/area/All?brand=1%2C8%2C3%2C7%2C6%2C2&page=2
https://hankyu-oasis-staff.net/jobfind-pc/area/Kansai/All?jobtype=00013%2C00023%2C00007%2C00016%2C00027%2C00003%2C00012%2C00011%2C00005%2C00020%2C00030%2C00014%2C00004%2C00006%2C00017&merit=1030&brand=3%2C1%2C5&page=2
https://west-saiyou.net/jobfind-pc/area/All?jobtype=00006%2C00007%2C00012%2C00005%2C00003&page=2
https://saeki-job.net/jobfind-pc/area/All?jobtype=00012%2C00013%2C00015%2C00017%2C00018%2C00019%2C00020%2C00029%2C00031%2C00032%2C00034%2C00002%2C00027%2C00025%2C00024%2C00001%2C00004%2C00021&merit=1034%2C1030%2C1043&page=2
https://aimerfeel-staff.net/jobfind-pc/area/All?page=2
https://able-shukatsu.able.co.jp/jobfind-pc/area/All?jobtype=00014%2C00019%2C00002%2C00012%2C00006%2C00011&brand=1&page=2
https://san-a-job.net/jobfind-pc/area/KyushuOkinawa/Okinawa/47308,47209,47208,47329?brand=20%2C21&page=2
https://matsukiyococokara-recruit.net/jobfind-pc/area/Kanto/All?page=2
https://arubaito-bookoff.jp/jobfind-pc/area/Kansai/All?page=2
https://tenmaya-store-job.net/jobfind-pc/area/All?jobtype=00019%2C00018%2C00039%2C00001%2C00020%2C00007%2C00029%2C00002%2C00025%2C00022%2C00005%2C00003%2C00037%2C00032&brand=10%2C2%2C8&page=2
https://ainj-job.net/jobfind-pc/area/All?jobtype=00011%2C00007%2C00006%2C00009%2C00020&merit=1028%2C1027&brand=4%2C2&page=2
https://lifecorp-recruit.net/jobfind-pc/area/Kanto/All?jobtype=00016%2C00013%2C00027%2C00023%2C00014%2C00024%2C00039%2C00031%2C00022&employmentform=08%2C09&page=2
https://halows-job.net/jobfind-pc/area/ChugokuShikoku/All?jobtype=00034%2C00025%2C00035%2C00004%2C00047%2C00064&page=2
https://uoroku-partner.jp/jobfind-pc/area/All?merit=1007%2C1047%2C1048&employmentform=09&workingtime=EVENING&freeword=%E3%83%AC%E3%82%B8&page=2
https://thinkrun-job.net/jobfind-pc/area/All?page=2
https://sundrug-group-kyujin.net/jobfind-pc/area/All?jobtype=00001%2C00003%2C00004%2C00005%2C00006%2C00017%2C00018%2C00019%2C00020%2C00024%2C00025%2C00026&page=2
https://izumi-recruit.net/jobfind-pc/area/KyushuOkinawa/Fukuoka/40203,40212?page=2
https://aeondelight-recruit.net/jobfind-pc/area/All?jobtype=00002%2C00015%2C00016%2C00012%2C00014%2C00030&merit=1053%2C1032%2C1057&page=2
https://yellowhat-recruit.net/jobfind-pc/area/All?jobtype=00012%2C00014%2C00004%2C00015%2C00019%2C00022&page=2
https://ds-direx-job.net/jobfind-pc/area/All?jobtype=00007%2C00001%2C00014%2C00010&merit=1034&page=2
https://meisho-unyu-job.net/jobfind-pc/area/All?jobtype=00004%2C00001%2C00002&workingtime=DAY%2CMORNING&page=2
https://maruai-super-job.net/jobfind-pc/area/Kansai/Hyogo?jobtype=00008%2C00011%2C00023%2C00010%2C00009%2C00017%2C00025&page=2
https://pub-hub-saiyou.net/jobfind-pc/area/Kanto/Tokyo?page=2
https://tsuruha-g.work/jobfind-pc/area/HokkaidoTohoku/Iwate?page=2
https://blanc-recruit.net/jobfind-pc/area/All?page=2
https://sazae-seian-saiyou.net/brand-jobfind/area/HokkaidoTohoku/Hokkaido?jobtype=00015,00016,00026,00023,00014,00004,00008,00022,00019,00006,00002,00027&merit=1029&brand=3,2&page=2
https://yb-jinji.net/jobfind-pc/area/HokkaidoTohoku/Fukushima/07203?page=2
https://yamaokaya-job.net/jobfind-pc/area/HokkaidoTohoku/Hokkaido/01230,01226,01233,01229,01103?merit=1042&page=2
https://fujipanstore-recruit.net/jobfind-pc/area/All?workingtime=MORNING&brand=6&page=2