https://tokube-job.net/brand-jobfind/area/All?jobtype=00016,00001,00002,00008,00012,00013,00005,00014,00011,00010,00018,00009,00015,00006,00017&merit=1027,1042&page=2
https://tokube-job.net/brand-jobfind/area/All?jobtype=00016,00001,00002,00012,00013,00005,00014,00011,00010,00018,00009,00015,00003&merit=1027,1042&page=2
https://yakiniku-king-partner.net/brand-jobfind/area/Kanto/All?jobtype=00016,00014,00015,00008,00010,00005,00012,00004&page=2
https://lowrysfarm-recruit.net/brand-jobfind/area/All?jobtype=00001,00002,00012,00004,00010&merit=1044&page=2
https://lowrysfarm-recruit.net/brand-jobfind/area/All?jobtype=00002,00001,00011,00012,00004,00007,00010&merit=1031&page=2
https://mvkyushu-job.net/brand-jobfind/area/KyushuOkinawa/All?jobtype=00001,00047,00011,00020,00022,00003,00057&merit=1028&page=2
https://irohanihoheto-job.net/brand-jobfind/area/All?jobtype=00009,00001,00003,00004,00005,00006,00012&merit=1056&page=2
https://irohanihoheto-job.net/brand-jobfind/area/All?page=2
https://shabu-yuzuan-partner.net/brand-jobfind/area/Tokai/Mie?page=2
https://starbucks-job.jp/jobfind-pc/area/All?jobtype=00001%2C00002&workingtime=NIGHT&page=2
https://chateraise-group-job.net/brand-jobfind/area/All?brand=4&page=2
https://jp-logistics-saiyo.net/jobfind-pc/area/All?employmentform=08&brand=1%2C2%2C3%2C4%2C5%2C6&page=2
https://jp-logistics-saiyo.net/jobfind-pc/area/All?jobtype=00001%2C00004%2C00011%2C00012%2C00002%2C00003&employmentform=08&page=2
https://ichibanya-job.net/jobfind-pc/area/Kansai/All?jobtype=00002%2C00001&merit=1039%2C1035%2C1027%2C1029&workingtime=EVENING&brand=1&page=2
https://school21-saiyou.net/jobfind-pc/area/All?jobtype=00017%2C00012%2C00019%2C00010&merit=1047&page=2
https://adastria-recruit.net/jobfind-pc/area/All?jobtype=00003%2C00001%2C00009&merit=1044%2C1042%2C1047&brand=23%2C1%2C13%2C9%2C5&page=2
https://saint-germain-recruit.net/jobfind-pc/area/All?jobtype=00002%2C00001&merit=1032%2C1031&workingtime=MORNING&brand=1%2C8%2C2%2C3&page=2
https://chateraise-job.net/brand-jobfind/area/Kanto/Tokyo/13228,13210,13121,13108,13206,13225,13116,13113,13223?page=2
https://arubaito-bookoff.jp/jobfind-pc/area/Kansai/All?page=2
https://care21-career.net/jobfind-pc/area/All?jobtype=00009%2C00006&merit=1062%2C1007&brand=1%2C8&page=2
https://daiichikankyo-recruit.net/jobfind-pc/area/All?page=2
https://matugen-saiyou.net/jobfind-pc/area/All?jobtype=00009%2C00013%2C00024%2C00043%2C00035%2C00015%2C00039%2C00018%2C00001%2C00017%2C00022&page=2
https://crew.lawson.co.jp/jobfind-pc/area/Kanto/Tokyo/13201,13212?page=2
https://crew.lawson.co.jp/jobfind-pc/area/Tokai/Gifu?workingtime=DAY&page=2
https://dailyservice-job.net/jobfind-pc/area/All?jobtype=00003%2C00004%2C00001&merit=1032%2C1029&brand=3%2C1&page=2
https://gongcha-job.net/jobfind-pc/area/All?merit=1007%2C1032&page=2
https://wako-group-recruit.net/jobfind-pc/area/All?jobtype=00002%2C00003%2C00009%2C00004&brand=1%2C5%2C2&page=2
https://golfpartner-job.net/jobfind-pc/area/Kanto/Tokyo?page=2
https://willway-saiyou.net/jobfind-pc/area/All?page=2
https://lec-work.net/jobfind-pc/area/All?page=2
https://hankyu-oasis-staff.net/jobfind-pc/area/Kansai/All?jobtype=00031%2C00030%2C00027%2C00011%2C00003%2C00026%2C00004%2C00014%2C00020%2C00015&merit=1031&page=2
https://fujitransport-recruit.net/jobfind-pc/area/Kansai/All?page=2
https://endless-recruit.net/jobfind-pc/area/All?jobtype=00009%2C00002%2C00008%2C00007%2C00022%2C00003%2C00021%2C00017%2C00012%2C00004&merit=1043&page=2
https://uoroku-partner.jp/jobfind-pc/area/KoshinetuHokuriku/Niigata/15103,15101,15213?page=2
https://san-a-job.net/jobfind-pc/area/All?jobtype=00056%2C00032%2C00019%2C00001%2C00063%2C00002%2C00064%2C00061&page=2
https://halows-job.net/jobfind-pc/area/All?jobtype=00006%2C00020%2C00054%2C00009&page=2
https://thinkrun-job.net/jobfind-pc/area/All?page=2
https://abc-mart-saiyou.net/jobfind-pc/area/All?brand=32%2C6%2C3%2C30&page=2
https://toraji-baito.com/jobfind-pc/area/All?workingtime=MORNING&page=2
https://lifecorp-recruit.net/jobfind-pc/area/Kanto/Saitama?page=2
https://bookskinokuniya-saiyou.net/jobfind-pc/area/All?jobtype=00006%2C00005%2C00002%2C00001%2C00003%2C00004&page=2
https://bookskinokuniya-saiyou.net/jobfind-pc/area/All?jobtype=00008%2C00006%2C00003%2C00009%2C00005%2C00001&page=2
https://baroque-recruit.net/jobfind-pc/area/All?jobtype=00067&employmentform=03%2C04%2C08%2C09&brand=15%2C12%2C6%2C13%2C14&page=2
https://casa-saiyou.net/jobfind-pc/area/All?merit=1041%2C1042%2C1029%2C1039&page=2
https://tohocinemas-recruit.net/jobfind-pc/area/All?page=2
https://ainj-job.net/jobfind-pc/area/All?jobtype=00004%2C00017%2C00019%2C00009%2C00005%2C00006%2C00014&page=2
https://kairikiya-recruit.net/jobfind-pc/area/Kansai/All?jobtype=00003%2C00005%2C00006&merit=1048%2C1034%2C1027&workingtime=MORNING%2CDAY&page=2
https://nishimatsuya-shigoto.net/jobfind-pc/area/Kanto/All?jobtype=00001%2C00005%2C00007&merit=1057%2C1052%2C1062&workingtime=DAY&page=2
https://onward-recruit.net/jobfind-pc/area/All?page=2
https://west-saiyou.net/jobfind-pc/area/All?jobtype=00001%2C00007%2C00006%2C00005%2C00012%2C00009%2C00004&brand=2&page=2
https://univcoop-job.net/jobfind-pc/area/All?merit=1054%2C1052&page=2
https://sanwa-grp.net/jobfind-pc/area/All?page=2
https://antoworks-job.net/jobfind-pc/area/All?merit=1029%2C1007%2C1027%2C1028%2C1031&brand=1%2C5&page=2
https://ngf-job.net/jobfind-pc/area/All?merit=1057&page=2
https://trial-recruit.net/jobfind-pc/area/HokkaidoTohoku/Hokkaido?jobtype=00008%2C00018%2C00015%2C00005%2C00051%2C00013%2C00054%2C00012%2C00049&workingtime=MORNING&page=2
https://sundrug-group-kyujin.net/jobfind-pc/area/Kansai/All?page=2
https://tenmaya-store-job.net/jobfind-pc/area/All?jobtype=00006%2C00005%2C00018%2C00025%2C00022%2C00003%2C00026%2C00014%2C00042%2C00030%2C00001%2C00017%2C00038%2C00024&brand=2%2C10%2C9&page=2
https://hamayuu-job.net/jobfind-pc/area/All?jobtype=00007%2C00005%2C00002%2C00003%2C00006&workingtime=DAY&brand=1&page=2
https://fujipangroup-recruit.net/jobfind-pc/area/All?jobtype=00011%2C00007%2C00022%2C00003%2C00001%2C00030%2C00027%2C00021%2C00006%2C00037%2C00048%2C00029%2C00013%2C00026%2C00004%2C00008%2C00016%2C00015&page=2
https://world-sp-recruit.net/jobfind-pc/area/All?merit=1044%2C1045%2C1041&brand=32%2C28%2C26%2C35%2C45%2C63%2C31%2C24%2C13%2C57&page=2
https://sagawa-exp-job.net/jobfind-pc/area/All?jobtype=00031%2C00015&page=2
https://uny-job.net/jobfind-pc/area/All?jobtype=00087%2C00073&brand=8%2C2&page=2
https://honeys-saiyou.net/jobfind-pc/area/All?jobtype=00012%2C00001%2C00002%2C00005&merit=1007&brand=1%2C2%2C4%2C5%2C3%2C6%2C7%2C8%2C9&page=2
https://hirogin-recruit.net/jobfind-pc/area/All?jobtype=00018%2C00013%2C00001%2C00002%2C00011%2C00010%2C00014%2C00004%2C00006%2C00016%2C00017%2C00003%2C00007%2C00009%2C00005&page=2
https://okoku-job.net/jobfind-pc/area/All?jobtype=00019%2C00017%2C00006%2C00027%2C00029%2C00007%2C00030&merit=1042%2C1050&workingtime=EVENING&page=2
https://trc-recruit.net/jobfind-pc/area/All?brand=2%2C1&page=2
https://cando-arbeit.net/jobfind-pc/area/Kanto/All?page=2
https://tollexpressjapan-saiyo.net/jobfind-pc/area/Tokai/All?jobtype=00001%2C00002%2C00015%2C00012%2C00005&page=2
https://towafood-job.net/jobfind-pc/area/All?jobtype=00006%2C00005%2C00007%2C00003%2C00008%2C00004&page=2
https://taskforce-recruit.net/jobfind-pc/area/Kansai/Osaka?page=2
https://momotaro-job.net/jobfind-pc/area/All?jobtype=00009%2C00008%2C00007%2C00003&merit=1034%2C1027%2C1032%2C1029%2C1042%2C1030&page=2
https://aeon-kyushu-job.net/jobfind-pc/area/All?jobtype=00028%2C00036%2C00003&page=2
https://valor-job.net/jobfind-pc/area/All?jobtype=00014%2C00056%2C00004&employmentform=09%2C10&page=2
https://gyouza-ohsho.com/jobfind-pc/area/Kanto/Chiba?page=2
https://nakanoshokai-job.net/jobfind-pc/area/All?jobtype=00001%2C00021%2C00017%2C00020%2C00045%2C00005&page=2
https://yossix-job.com/jobfind-pc/area/All?jobtype=00003%2C00004%2C00002%2C00005%2C00007&brand=6%2C4%2C9&page=2
https://trancom-job.net/jobfind-pc/area/Tokai/Mie?jobtype=00009%2C00013%2C00011%2C00002%2C00019&page=2
https://sanesu-job.net/jobfind-pc/area/Kanto/Tokyo?merit=1053%2C1042%2C1048%2C1031%2C1052&page=2
https://coconet-job.net/jobfind-pc/area/All?jobtype=00001%2C00005%2C00010%2C00003%2C00002&merit=1047%2C1050%2C1043&brand=1&page=2
https://mollyfantasy-recruit.net/jobfind-pc/area/Tokai/All?page=2
https://job.j-netrentacar.co.jp/jobfind-pc/area/Tokai/Aichi/23112,23203,23102,23210,23206,23115,23113?jobtype=00004%2C00002%2C00001%2C00011%2C00012&page=2
https://chibagin-career.net/jobfind-pc/area/All?jobtype=00007%2C00008%2C00009%2C00012%2C00004%2C00003&page=2
https://mybstaff.net/jobfind-pc/area/Kanto/Tokyo/13109,13111?page=2
https://royalhost-rec.jp/jobfind-pc/area/KyushuOkinawa/Fukuoka?page=2
https://ichijo-saiyo.net/jobfind-pc/area/All?page=2
https://kusuri-aoki-recruit.net/jobfind-pc/area/Kanto/Tochigi/09201?page=2
https://allhearts-job.net/jobfind-pc/area/Tokai/Aichi?page=2
https://taihei-bs-recruit.net/jobfind-pc/area/All?jobtype=00003%2C00024%2C00004%2C00005%2C00026%2C00050%2C00044%2C00006%2C00037%2C00012%2C00032&merit=1048&page=2
https://fuji-job.net/jobfind-pc/area/HokkaidoTohoku/All?jobtype=00025%2C00030%2C00004%2C00034%2C00023%2C00003%2C00011%2C00031%2C00043%2C00033%2C00015%2C00037%2C00039%2C00024%2C00009%2C00050%2C00013%2C00036&page=2
https://torikizoku-job.net/jobfind-pc/area/All?jobtype=00001&page=2
https://pub-hub-saiyou.net/jobfind-pc/area/Kanto/Tokyo?page=2
https://studio-mario-job.net/jobfind-pc/area/Kanto/All?page=2
https://royal-ahf-job.net/jobfind-pc/area/All?jobtype=00005%2C00009%2C00001%2C00002%2C00003&workingtime=MORNING%2CDAY%2CEVENING&page=2
https://meitetsuunyu-job.net/jobfind-pc/area/All?page=2
https://tutuanna-saiyo.net/jobfind-pc/area/All?jobtype=00011%2C00025%2C00028%2C00031%2C00026%2C00002%2C00036%2C00022%2C00048%2C00043&merit=1032&page=2
https://souei-job.net/jobfind-pc/area/All?page=2
https://kaikatsu-job.net/jobfind-pc/area/Kanto/All?merit=1039%2C1027%2C1041%2C1034&brand=3&page=2
https://dohtonbori-recruit.net/jobfind-pc/area/All?workingtime=DAY&brand=2%2C7%2C9%2C1&page=2
https://job-pizzahut.net/jobfind-pc/area/All?jobtype=00007%2C00006%2C00002&merit=1042&page=2
https://job-pizzahut.net/jobfind-pc/area/All?jobtype=00007%2C00006%2C00002&merit=1049&page=2
https://tgc-saiyou.net/jobfind-pc/area/All?page=2
https://shubunsha-saiyo.net/jobfind-pc/area/All?page=2
https://nomura-pt-staff.net/jobfind-pc/area/All?jobtype=00001%2C00004%2C00024%2C00023%2C00019%2C00017%2C00008%2C00018%2C00010%2C00014%2C00015%2C00025&page=2
https://francfranc-recruit.net/jobfind-pc/area/All?page=2
https://fillcare-recruit.net/jobfind-pc/area/All?page=2
https://izumi-recruit.net/jobfind-pc/area/KyushuOkinawa/Oita?page=2
https://aimservices-saiyou.net/jobfind-pc/area/Kansai/All?merit=1007&page=2
https://tsuruha-g.work/jobfind-pc/area/HokkaidoTohoku/Iwate?page=2
https://fukuokabank-staff.net/jobfind-pc/area/All?jobtype=00004%2C00005%2C00001&merit=1007%2C1030%2C1031&brand=1&page=2
https://kodomonomori-recruit.net/jobfind-pc/area/Kanto/Tokyo/13109,13204,13219,13205,13211,13207,13115?page=2
https://yamaokaya-job.net/jobfind-pc/area/All?jobtype=00001&brand=6%2C2%2C1%2C4%2C5&page=2
https://kura-job.net/jobfind-pc/area/Kanto/Saitama/11237,11222,11233,11105,11208,11230,11203,11324?page=2
https://delicia-job.net/jobfind-pc/area/All?jobtype=00034%2C00016%2C00029%2C00024%2C00035&merit=1046&brand=2&page=2
https://shidax-recruit.net/jobfind-pc/area/All?page=2
https://bs-sox-job.net/jobfind-pc/area/Kansai/All?page=2
https://2ndstreet-recruit.net/jobfind-pc/area/HokkaidoTohoku/Hokkaido?jobtype=00001&page=2
https://leoc-recruit.net/jobfind-pc/area/Kanto/Tokyo/13220,13212,13221,13228,13117,13108,13104?employmentform=08%2C04&page=2
https://nihonstery-job.net/jobfind-pc/area/All?jobtype=00004%2C00012%2C00017%2C00009%2C00011%2C00021%2C00024%2C00008%2C00013&merit=1028&page=2