https://job-gear.jp/humancreates/corporate.htm?L=BCSList&BCD=WZE&NOI=1&SA=OID,ID
https://job-gear.jp/humancreates/index.htm
https://job-gear.jp/humancreates/message_l.htm?L=BCSList&BCD=WZB&NOI=10&SA=OID,ID
https://job-gear.jp/humancreates2/whatsnew.htm?L=BMSList&BCD=WUQ&NOI=30&SD=UD,ID
https://job-gear.jp/humancreates2/kyujin_l.htm?L=BMSList&BCD=WUQ&NOI=20&SD=UD,ID
https://job-gear.jp/amomuta2/kyujin_d.htm?L=BMSDetail&ID=AB0613298272&from=top
https://job-gear.jp/humancreates2/kyujin_d.htm?L=BMSDetail&ID=A10831600088&from=top
https://job-gear.jp/humancreates2/kyujin_d.htm?L=BMSDetail&ID=A60419736891&from=kyujin_l
https://job-gear.jp/humancreates2/kyujin_d.htm?L=BMSDetail&ID=AB0706813565&from=top
https://job-gear.jp/humancreates2/kyujin_d.htm?L=BMSDetail&ID=A01202853275&from=kyujin_l
https://job-gear.jp/humancreates2/kyujin_d.htm?L=BMSDetail&ID=A60715257311&from=top
http://job-gear.jp/maguchigroup/vint/work.htm
https://job-gear.jp/humancreates2/kyujin_d.htm?L=BMSDetail&ID=A11027611340
https://job-gear.jp/area/shokushu/office/sales_affairs/index.htm
https://job-gear.jp/amomuta2/kyujin_l.htm?L=BMSList&NOI=18&SD=SDATE,RUCD&LIST=all
https://job-gear.jp/amomuta2/kyujin_l.htm?L=BMSList&NOI=18&SD=SDATE,RUCD&VAL91=40
https://job-gear.jp/area/shokushu/office/rade_affairs/index.htm
https://job-gear.jp/amomuta2/kyujin_l.htm?L=BMSList&NOI=18&SD=SDATE,RUCD&search=visual&P=1
https://job-gear.jp/amomuta/index.htm
https://job-gear.jp/amomuta2/kyujin_l.htm?L=BMSList&NOI=18&SD=SDATE,RUCD&search=logo
https://job-gear.jp/amomuta2/kyujin_l.htm?L=BMSList&NOI=18&SD=SDATE,RUCD&l=new
https://job-gear.jp/amomuta2/kyujin_l.htm?L=BMSList&NOI=18&SD=SDATE,RUCD
https://job-gear.jp/akarif/index.htm
https://job-gear.jp/arioichihara/index.htm
https://job-gear.jp/aeonmallmakuhari/detail.htm?L=BCSDetail&ID=A30805461310&LIS=04
https://job-gear.jp/aeonmalltendo/index.htm
https://job-gear.jp/aeonmallnc/
https://job-gear.jp/aeonmallmakuhari/index.htm
https://job-gear.jp/aeonmallae/index.htm
https://job-gear.jp/moe/interview_l.htm?L=BCSList&BCD=WZC&NOI=10&SA=OID,ID
https://job-gear.jp/careercenter/detail.htm?L=BCSDetail&ID=A50821085411&num=60&color=1
http://job-gear.jp/imaimate/client.htm?L=BCSList&BCD=VVL&NOI=1&SF=1&SD=UD,ID
https://job-gear.jp/careercenter/detail.htm?L=BCSDetail&ID=A40428573629&num=32&color=1