https://job-gear.jp/peopleshiga/message_l.htm?L=BCSList&BCD=WZB&NOI=10&SA=OID,ID
https://job-gear.jp/miostaffing/spn/s_product.htm?L=BCSList&BCD=01Y&SF=1&NOI=10&SA=VAL51,_UD
https://job-gear.jp/free/index.htm
https://job-gear.jp/tmind/index.htm
https://job-gear.jp/dealkansai/message_l.htm?L=BCSList&BCD=WZB&NOI=10&SA=OID,ID
https://job-gear.jp/seinoss/
https://job-gear.jp/trygroup2/kyujin_l.htm?L=BMSList&BCD=VhP&NOI=20&SD=UD,ID&_KKCD_=08
http://job-gear.jp/maguchigroup/vint/service.htm
https://job-gear.jp/trygroup/index.htm
https://job-gear.jp/free/corporate.htm?L=BCSList&BCD=WZE&NOI=1&SA=OID,ID
https://job-gear.jp/window/index.htm
https://job-gear.jp/baito/clp/haken/index.htm?AC=06
https://job-gear.jp/peacestaff/index.htm
https://job-gear.jp/dealkansai/qa.htm?L=BCSList&BCD=WZD&NOI=1000&SA=OID,ID
https://job-gear.jp/mgr/index.htm
https://job-gear.jp/treat/index.htm
https://job-gear.jp/maguchigroup/vint/company.htm?L=BCSList&BCD=VVJ&NOI=1&SF=1&SD=UD,ID
https://job-gear.jp/dealkansai/message_l.htm?L=BCSList&BCD=WZB&NOI=10&SA=OID,ID
https://job-gear.jp/dealkansai/corporate_d.htm?L=BCSDetail&ID=A60414704316
http://job-gear.jp/advance/about_d.htm?L=BCSDetail&SF=1&ID=A81017145061
https://job-gear.jp/taskeight2/kyujin_l.htm?L=BMSList&BCD=Vk7&NOI=20&SD=UD,ID&_KKCD_=08
https://job-gear.jp/housingsupport/index.htm
https://job-gear.jp/taskeight/index.htm
https://job-gear.jp/dealkansai2/kyujin_l.htm?L=BMSList&BCD=WUL&NOI=20&SD=UD,ID
https://job-gear.jp/humancreates/index.htm
https://job-gear.jp/taskeight/interview_d.htm?L=BCSDetail&ID=A70529898829
https://job-gear.jp/miostaffing/index.htm
https://job-gear.jp/dealkansai2/whatsnew.htm?L=BMSList&BCD=WUL&NOI=30&SD=UD,ID
https://job-gear.jp/peopleshiga/index.htm
https://job-gear.jp/apex2/spn/kyujin_d.htm?L=BMSDetail&SF=1&ID=AB0127526860&BU=3609346
https://job-gear.jp/apex2/spn/kyujin_d.htm?L=BMSDetail&SF=1&ID=AB0127526860&BU=3609346
https://job-gear.jp/kspremiumstaff/index.htm
https://job-gear.jp/rencontre/index.htm
https://job-gear.jp/imaimate/index.htm
https://job-gear.jp/free2/whatsnew.htm?L=BMSList&BCD=WVS&NOI=30&SD=UD,ID
https://job-gear.jp/advancework2/kyujin_d.htm?L=BMSDetail&ID=A00909202759&from=top
https://job-gear.jp/free/interview_l.htm?L=BCSList&BCD=WZC&NOI=10&SA=OID,ID
https://job-gear.jp/mac2/spn/kyujin_l.htm?L=BMSList&BCD=WSV&SF=1&NOI=10&SD=UD,ID
https://job-gear.jp/aiden/index.htm
https://job-gear.jp/peacestaff/interview_l.htm?L=BCSList&BCD=WZC&NOI=10&SA=OID,ID
https://job-gear.jp/trygroup2/whatsnew.htm?L=BMSList&BCD=VhP&NOI=30&SD=UD,ID&from=whatsnew
https://job-gear.jp/parkplan2/kyujin_l.htm?L=BMSList&BCD=WPM&NOI=10&SF=1&SD=UD%2CID&VAL91_=12&P=2
https://job-gear.jp/apex2/spn/kyujin_d.htm?L=BMSDetail&SF=1&ID=AB0606167755&BU=9535611
https://job-gear.jp/dealkansai/corporate.htm?L=BCSList&BCD=WZE&NOI=1&SA=OID,ID
http://job-gear.jp/eidaiss/network.htm?L=BCSList&BCD=VR6&NOI=1000&SF=1&SA=OID,ID
https://job-gear.jp/begnes2/kyujin_d.htm?L=BMSDetail&ID=AB0609255435&from=top
https://job-gear.jp/maguchigroup/risormaplus/interview_d.htm?L=BCSDetail&ID=A60906513189
https://job-gear.jp/torasuto2/kyujin_l.htm?L=BMSList&BCD=WQG&NOI=20&SD=UD,ID
https://job-gear.jp/imaimate/jobsearch.htm?L=BCSList&BCD=VVK&NOI=1&SF=1&SD=UD,ID
https://job-gear.jp/taskeight2/kyujin_l.htm?L=BMSList&BCD=Vk7&NOI=20&SD=UD,ID&_KKCD_=12
https://job-gear.jp/nexuswork/faq.htm?L=BCSList&BCD=uiD&NOI=1000&SF=1&SA=OID%2CID
https://job-gear.jp/baito/clp/nurse/index.htm?AC=03
https://job-gear.jp/aiden/interview_l.htm?L=BCSList&BCD=WZC&NOI=10&SA=OID,ID
https://job-gear.jp/rencontre2/kyujin_d.htm?L=BMSDetail&ID=A80914931987
https://job-gear.jp/taskeight2/kyujin_l.htm?L=BMSList&BCD=Vk7&NOI=20&SD=UD,ID&KCD_=28464
https://job-gear.jp/sstaff2/whatsnew.htm?L=BMSList&BCD=WYF&NOI=30&SD=UD,ID
https://job-gear.jp/parkplan/index.htm
https://job-gear.jp/window2/whatsnew.htm?L=BMSList&BCD=V56&NOI=30&SD=UD,ID
https://job-gear.jp/serverelation2/spn/kyujin_l.htm?L=BMSList&BCD=WJC&SF=1&NOI=5&SD=UD,ID
https://job-gear.jp/progress01/spn/A02_whatsnew.htm?L=BMSList&SF=1&SD=UD,ID&BCD=WWP&NOI=30&q=all
https://job-gear.jp/advancework2/whatsnew.htm?L=BMSList&BCD=WTO&NOI=30&SD=UD,ID
https://job-gear.jp/aiden2/kyujin_l.htm?L=BMSList&BCD=WKT&NOI=20&SD=UD,ID&_SCD_=..KK0301:..MM0201:..MM0301:..MM0401:..MM0801&_KKCD_=..08
https://job-gear.jp/taskeight2/whatsnew.htm?L=BMSList&BCD=Vk7&NOI=30&SD=UD,ID
https://job-gear.jp/mgr/message_d.htm?L=BCSDetail&ID=A60520940093
https://job-gear.jp/eidaiss/company.htm?L=BCSList&BCD=VR7&NOI=1&SF=1&SD=UD,ID
https://job-gear.jp/sstaff2/kyujin_d.htm?L=BMSDetail&ID=A20215225162
https://job-gear.jp/aiden2/kyujin_l.htm?L=BMSList&BCD=WKT&NOI=20&SD=UD,ID&_SCD_=..KK0301:..MM0201:..MM0301:..MM0401:..MM0801&_KKCD_=..08&P=43
https://job-gear.jp/begnes2/kyujin_d.htm?L=BMSDetail&ID=AA0818048274&P=3
https://job-gear.jp/progress/product.htm?L=BCSList&BCD=01Y&SF=1&NOI=5&SA=VAL51,_UD
https://job-gear.jp/progress/interview_l.htm?SF=1&BCD=01X&SD=UD&NOI=5&L=BCSList&P=2
https://job-gear.jp/torasuto/corporate.htm?L=BCSList&BCD=WZE&NOI=1&SA=OID,ID
https://job-gear.jp/rencontre2/kyujin_d.htm?L=BMSDetail&ID=A80914934010
https://job-gear.jp/begnes/index.htm
https://job-gear.jp/mgr2/kyujin_d.htm?L=BMSDetail&ID=AB0420332708
https://job-gear.jp/trygroup2/kyujin_l.htm?L=BMSList&BCD=VhP&NOI=20&SD=UD,ID&SCD_=KK03:KK04:KK05:KK06:KK07:KK08:KK09
https://job-gear.jp/kyosenservice2/kyujin_l.htm?L=BMSList&BCD=WLG&NOI=20&SD=UD,ID
http://job-gear.jp/maguchigroup/risormaplus/staff.htm?L=BCSList&BCD=WZK&NOI=1&SF=1&SA=OID,ID
http://job-gear.jp/eidaiss/marginrate.htm?L=BCSList&BCD=sJY&NOI=1&SF=1&SD=UD%2CID
https://job-gear.jp/rencontre2/kyujin_d.htm?L=BMSDetail&ID=A80914932043
https://job-gear.jp/taskeight2/inc/related_post.htm?L=BMSList&BCD=Vk7&NOI=6&SD=UD,ID&JID=AA1003090434&_KCD_=28
https://job-gear.jp/sstaff2/kyujin_l.htm?L=BMSList&BCD=WYF&NOI=20&SD=UD,ID
https://job-gear.jp/llinkstaff/kyujin_l.htm?spn=1&L=BCSList&BCD=WA1&SF=1&SD=UD%2COID&_KCD_=&_KKCD_=&_SCD_=&P=49
https://job-gear.jp/taskeight2/inc/related_post.htm?L=BMSList&BCD=Vk7&NOI=6&SD=UD,ID&JID=AB0127544235&_KCD_=28
https://job-gear.jp/imaimate2/kyujin_d.htm?L=BMSDetail&ID=AB0417246038
https://job-gear.jp/kyosenservice2/whatsnew.htm?L=BMSList&BCD=WLG&NOI=30&SD=UD,ID
https://job-gear.jp/taskeight/interview_l.htm?L=BCSList&BCD=WZC&NOI=10&SA=OID,ID
https://job-gear.jp/taskeight2/kyujin_l.htm?L=BMSList&BCD=Vk7&NOI=20&SD=UD,ID&KCD_=28201
https://job-gear.jp/jservice/index.htm
https://job-gear.jp/llinkstaff/kyujin_l.htm?spn=1&L=BCSList&BCD=WA1&SF=1&SD=UD%2COID&_KCD_=&_KKCD_=..12&_SCD_=..CC12&P=17
https://job-gear.jp/aiden2/kyujin_l.htm?L=BMSList&BCD=WKT&NOI=20&SD=UD,ID&_KKCD_=..08&P=2
https://job-gear.jp/maguchigroup/maguchi/index.htm
https://job-gear.jp/imaimate/company.htm?L=BCSList&BCD=VeY&NOI=1&SF=1&SD=UD,ID
https://job-gear.jp/taskeight2/inc/related_post.htm?L=BMSList&BCD=Vk7&NOI=6&SD=UD,ID&JID=A00305080628&_KCD_=28
https://job-gear.jp/frt/message_l.htm?L=BCSList&BCD=WZB&NOI=10&SA=OID,ID
https://job-gear.jp/llinkstaff/kyujin_l.htm?L=BCSList&BCD=WA1&SF=1&SD=UD%2COID&_KCD_=&_KKCD_=..12&_SCD_=..CC&P=30
https://job-gear.jp/mac2/spn/kyujin_l.htm?L=BMSList&BCD=WSV&SF=1&SD=UD%2CID&NOI=10&P=2
https://job-gear.jp/taskeight/interview_d.htm?L=BCSDetail&ID=A70529898826
https://job-gear.jp/taskeight2/inc/related_post.htm?L=BMSList&BCD=Vk7&NOI=6&SD=UD,ID&JID=AB0710858757&_KCD_=28
https://job-gear.jp/parkplan2/kyujin_l.htm?L=BMSList&BCD=WPM&NOI=10&SF=1&SD=UD%2CID&P=16
https://job-gear.jp/llinkstaff/kyujin_l.htm?L=BCSList&BCD=WA1&SF=1&SD=UD%2COID&_KCD_=&_KKCD_=&_SCD_=..CC05&spn=1&P=130
https://job-gear.jp/humancreates2/kyujin_d.htm?L=BMSDetail&ID=A11027611340
https://job-gear.jp/trygroup2/kyujin_l.htm?L=BMSList&BCD=VhP&NOI=20&SD=UD,ID&KCD_=25211:25209:25383
http://job-gear.jp/parkplan2/kyujin_l.htm?L=BMSList&BCD=WPM&SF=1&SD=UD%2CID&NOI=10
http://job-gear.jp/maguchigroup/risormaplus/interview_l.htm?L=BCSList&BCD=WC2&NOI=9&SF=1&SA=OID,ID
https://job-gear.jp/llinkstaff/kyujin_l.htm?spn=1&L=BCSList&BCD=WA1&SF=1&SD=UD%2COID&_KCD_=&_KKCD_=..08&_SCD_=..CC12&P=101
https://job-gear.jp/sstaff2/kyujin_d.htm?L=BMSDetail&ID=A10210485239
https://job-gear.jp/parkplan/message.htm?L=BCSList&BCD=UZj&NOI=1&SF=1&SD=UD%2CID
https://job-gear.jp/llinkstaff/kyujin_l.htm?spn=1&L=BCSList&BCD=WA1&SF=1&SD=UD%2COID&_KCD_=&_KKCD_=..08&_SCD_=&P=271
https://job-gear.jp/taskeight2/inc/related_post.htm?L=BMSList&BCD=Vk7&NOI=6&SD=UD,ID&JID=A20609526746&_KCD_=28
https://job-gear.jp/llinkstaff/kyujin_l.htm?L=BCSList&BCD=WA1&SF=1&SD=UD%2COID&_KCD_=&_KKCD_=..12&_SCD_=&P=6
https://job-gear.jp/llinkstaff/kyujin_l.htm?_KKCD_=..08&BCD=WA1&L=BCSList&_SCD_=&SD=UD&SF=1&P=269
https://job-gear.jp/llinkstaff/kyujin_l.htm?spn=1&L=BCSList&BCD=WA1&SF=1&SD=UD%2COID&_KCD_=&_KKCD_=&_SCD_=..AA&P=11
https://job-gear.jp/sstaff2/kyujin_d.htm?L=BMSDetail&ID=AA1206556728&from=top
https://job-gear.jp/llinkstaff//kyujin_l.htm?L=BCSList&BCD=WA1&SF=1&NOI=5&SD=UD%2COID&spn=1&P=107
https://job-gear.jp/free2/kyujin_d.htm?L=BMSDetail&ID=AA0624884391&from=top
http://job-gear.jp/imaimate/client.htm?L=BCSList&BCD=VVL&NOI=1&SF=1&SD=UD,ID
https://job-gear.jp/llinkstaff//kyujin_l.htm?L=BCSList&BCD=WA1&SF=1&NOI=5&SD=UD%2COID&spn=1&P=290
https://job-gear.jp/torasuto/message_l.htm?L=BCSList&BCD=WZB&NOI=10&SA=OID,ID
https://job-gear.jp/imaimate2/news.htm?L=BMSList&BCD=WJN&NOI=10&SF=1&SD=UD,ID
https://job-gear.jp/mgr2/kyujin_l.htm?L=BMSList&BCD=WUC&NOI=20&SD=UD,ID&P=5
https://job-gear.jp/llinkstaff/kyujin_l.htm?spn=1&NOI=5&BCD=WA1&L=BCSList&SD=UD%2CID&SF=1&P=342
https://job-gear.jp/llinkstaff/kyujin_l.htm?L=BCSList&BCD=WA1&SF=1&SD=UD%2COID&_KCD_=&_KKCD_=&_SCD_=..CC&P=296
https://job-gear.jp/parkplan2/kyujin_l.htm?L=BMSList&BCD=WPM&NOI=10&SF=1&SD=UD%2CID&KCD_=26&P=2
https://job-gear.jp/peopleshiga2/whatsnew.htm?L=BMSList&BCD=VGC&NOI=30&SD=UD,ID
https://job-gear.jp/begnes/interview_l.htm?L=BCSList&BCD=&NOI=10&SF=1&SD=&SA=OID,ID
https://job-gear.jp/llinkstaff/kyujin_l.htm?L=BCSList&BCD=WA1&SF=1&NOI=5&SD=UD&P=325
https://job-gear.jp/taskeight2/inc/related_post.htm?L=BMSList&BCD=Vk7&NOI=6&SD=UD,ID&JID=A20526235193&OD=1
https://job-gear.jp/taskeight2/inc/related_post.htm?L=BMSList&BCD=Vk7&NOI=6&SD=UD,ID&JID=AA1003090527&_KCD_=28
https://job-gear.jp/earthplanet/client.htm?L=BCSList&BCD=WJ9&NOI=1&SF=1&SD=UD,ID
https://job-gear.jp/llinkstaff/kyujin_l.htm?spn=1&L=BCSList&BCD=WA1&SF=1&SD=UD%2COID&_KCD_=&_KKCD_=..12&_SCD_=..CC04&P=2
https://job-gear.jp/begnes/work.htm?L=BCSList&BCD=VP4&NOI=1000&SF=1&SA=OID,ID
https://job-gear.jp/llinkstaff/kyujin_l.htm?spn=1&L=BCSList&BCD=WA1&SF=1&SD=UD%2COID&_KCD_=&_KKCD_=..08&_SCD_=&P=16
https://job-gear.jp/window2/kyujin_l.htm?L=BMSList&BCD=V56&NOI=20&SD=UD,ID
https://job-gear.jp/ashitajob/index.htm
https://job-gear.jp/llinkstaff/kyujin_l.htm?L=BCSList&BCD=WA1&SF=1&SD=UD%2COID&_KCD_=&_KKCD_=&_SCD_=..CC&P=13
https://job-gear.jp/mgr2/kyujin_d.htm?L=BMSDetail&ID=AB0420332701
https://job-gear.jp/parkplan2/kyujin_l.htm?L=BMSList&BCD=WPM&NOI=10&SF=1&SD=UD%2CID&VAL91_=14
https://job-gear.jp/llinkstaff/kyujin_l.htm?spn=1&L=BCSList&BCD=WA1&SF=1&SD=UD%2COID&_KCD_=&_KKCD_=..08&_SCD_=..CC06&P=189
https://job-gear.jp/taskeight2/kyujin_d.htm?L=BMSDetail&ID=AB0516762490
https://job-gear.jp/sstaff2/kyujin_d.htm?L=BMSDetail&ID=AA1125322143&from=top
https://job-gear.jp/apex2/spn/kyujin_l.htm?L=BMSList&BCD=WQK&SF=1&NOI=10&SD=UD%2CID&P=9
http://job-gear.jp/parkplan2/kyujin_l.htm?L=BMSList&BCD=WPM&NOI=10&SF=1&SD=UD%2CID&KCD_=28
https://job-gear.jp/llinkstaff/kyujin_l.htm?L=BCSList&BCD=WA1&SF=1&NOI=5&SD=UD%2COID&P=331
https://job-gear.jp/taskeight/interview_d.htm?L=BCSDetail&ID=A70529898827
https://job-gear.jp/llinkstaff/kyujin_l.htm?L=BCSList&BCD=WA1&SF=1&SD=UD&_KKCD_=&_SCD_=..CC&P=123
https://job-gear.jp/sstaff2/inc/related_post.htm?L=BMSList&BCD=WYF&NOI=6&SD=UD,ID&JID=AB0301255218
https://job-gear.jp/llinkstaff/kyujin_l.htm?spn=1&NOI=5&BCD=WA1&L=BCSList&SD=UD%2CID&SF=1&P=348
https://job-gear.jp/sstaff2/kyujin_d.htm?L=BMSDetail&ID=A20302439008&from=top
https://job-gear.jp/kyosenservice2/inc/related_post.htm?L=BMSList&BCD=WLG&NOI=6&SD=UD,ID&JID=AA0704089286&_KCD_=26
https://job-gear.jp/sstaff2/kyujin_d.htm?L=BMSDetail&ID=A60808381544
https://job-gear.jp/peacestaff2/whatsnew.htm?L=BMSList&BCD=WIB&NOI=30&SD=UD,ID&from=whatsnew
https://job-gear.jp/llinkstaff/kyujin_l.htm?spn=1&L=BCSList&BCD=WA1&SF=1&SD=UD%2COID&_KCD_=&_KKCD_=..08&_SCD_=..CC06&P=199
https://job-gear.jp/llinkstaff/kyujin_l.htm?spn=1&L=BCSList&BCD=WA1&SF=1&SD=UD%2COID&_KCD_=&_KKCD_=&_SCD_=..CC12&P=22
https://job-gear.jp/sstaff/index.htm
https://job-gear.jp/mgr2/kyujin_d.htm?L=BMSDetail&ID=A01010419825
https://job-gear.jp/sstaff2/kyujin_d.htm?L=BMSDetail&ID=A71101891111&from=top
https://job-gear.jp/llinkstaff/kyujin_l.htm?spn=1&L=BCSList&BCD=WA1&SF=1&SD=UD%2COID&_KCD_=&_KKCD_=..12&_SCD_=..CC&P=33
https://job-gear.jp/earthplanet2/kyujin_d.htm?L=BMSDetail&ID=AB0607205814&SCD_=KK02&P=1
http://job-gear.jp/eidaiss2/new.htm?L=BMSList&BCD=VR4&NOI=18&SF=1&SD=UD,ID
https://job-gear.jp/sstaff2/kyujin_d.htm?L=BMSDetail&ID=A60808380307&from=top
https://job-gear.jp/llinkstaff/kyujin_l.htm?spn=1&L=BCSList&BCD=WA1&SF=1&SD=UD%2COID&_KCD_=&_KKCD_=&_SCD_=..CC&P=201
https://job-gear.jp/clearwork/kyujin_d.htm?L=BCSDetail&ID=A10824502761&BU=2741094&spn=1
https://job-gear.jp/clearwork/spn/kyujin_l.htm?NOI=5&BCD=W69&L=BCSList&SD=UD&SF=1&P=5
https://job-gear.jp/llinkstaff/kyujin_l.htm?L=BCSList&BCD=WA1&SF=1&NOI=5&SD=UD%2CID&P=326
https://job-gear.jp/taskeight2/kyujin_l.htm?L=BMSList&BCD=Vk7&NOI=20&SD=UD,ID&KCD_=28216
http://job-gear.jp/parkplan2/kyujin_l.htm?L=BMSList&BCD=WPM&NOI=10&SF=1&SD=UD%2CID&KCD_=27&P=5
https://job-gear.jp/trygroup2/kyujin_l.htm?L=BMSList&BCD=VhP&NOI=20&SD=UD,ID&_KKCD_=04
https://job-gear.jp/sstaff2/inc/related_post.htm?L=BMSList&BCD=WYF&NOI=6&SD=UD,ID&JID=A61007674683
https://job-gear.jp/torasuto2/kyujin_l.htm?L=BMSList&BCD=WQG&NOI=20&SD=UD,ID&SCD_=KK03:KK04:KK06:KK07:KK08:KK09
https://job-gear.jp/clearwork/index.htm
https://job-gear.jp/imaimate2/kyujin_d.htm?L=BMSDetail&ID=AA1017418879
https://job-gear.jp/sstaff2/kyujin_d.htm?L=BMSDetail&ID=A80419004853
https://job-gear.jp/mgr/message_d.htm?L=BCSDetail&ID=A60520940096
https://job-gear.jp/imaimate2/kyujin_l.htm?L=BMSList&BCD=WJN&SF=1&SD=UD%2CID&_SCD_=..BB%3A..CC%3A..DD%3A..EE%3A..FF01%3A..FF02%3A..FF03%3A..GG%3A..HH%3A..II%3A..JJ%3A..LL%3A..MM%3A..NN&P=4
https://job-gear.jp/sstaff2/kyujin_d.htm?L=BMSDetail&ID=A80419004523
https://job-gear.jp/llinkstaff/kyujin_l.htm?L=BCSList&BCD=WA1&SF=1&SD=UD%2COID&_KCD_=&_KKCD_=..08&_SCD_=&P=50
https://job-gear.jp/begnes2/kyujin_d.htm?L=BMSDetail&ID=AB0707857392&from=top
https://job-gear.jp/eidaiss/index.htm
https://job-gear.jp/serverelation/index.htm
https://job-gear.jp/aiden2/whatsnew.htm?L=BMSList&BCD=WKT&NOI=30&SD=UD,ID
https://job-gear.jp/dealkansai2/kyujin_d.htm?L=BMSDetail&ID=AB0305306695&from=top
https://job-gear.jp/llinkstaff/kyujin_l.htm?L=BCSList&BCD=WA1&SF=1&SD=UD%2COID&_KKCD_=&_SCD_=&P=308
https://job-gear.jp/llinkstaff/kyujin_l.htm?spn=1&L=BCSList&BCD=WA1&SF=1&SD=UD%2COID&_KCD_=&_KKCD_=..08&_SCD_=..CC&P=174
https://job-gear.jp/llinkstaff/kyujin_l.htm?L=BCSList&BCD=WA1&SF=1&spn=1&P=213
https://job-gear.jp/kyosenservice/index.htm
https://job-gear.jp/sstaff2/kyujin_d.htm?L=BMSDetail&ID=A60808381414
https://job-gear.jp/sstaff2/kyujin_d.htm?L=BMSDetail&ID=AB0301255218&from=top
https://job-gear.jp/humancreates/message_l.htm?L=BCSList&BCD=WZB&NOI=10&SA=OID,ID
https://job-gear.jp/llinkstaff/kyujin_l.htm?spn=1&L=BCSList&BCD=WA1&SF=1&SD=UD%2COID&_KCD_=&_KKCD_=..08&_SCD_=&P=245
https://job-gear.jp/sstaff2/kyujin_d.htm?L=BMSDetail&ID=A10630893500&from=kyujin_l&P=2
https://job-gear.jp/llinkstaff/kyujin_l.htm?spn=1&L=BCSList&BCD=WA1&SF=1&SD=UD%2COID&_KCD_=&_KKCD_=..08&_SCD_=&P=187
https://job-gear.jp/kyosenservice2/kyujin_d.htm?L=BMSDetail&ID=AB0525959691
https://job-gear.jp/llinkstaff/kyujin_l.htm?L=BCSList&BCD=WA1&SF=1&SD=UD%2COID&_KCD_=&_KKCD_=..08&_SCD_=..AA10&P=2
https://job-gear.jp/mac2/kyujin_l.htm?L=BMSList&BCD=WSV&SF=1&NOI=10&SD=UD,ID&spn=1
https://job-gear.jp/llinkstaff/kyujin_l.htm?L=BCSList&BCD=WA1&SF=1&SD=UD%2COID&_KCD_=&_KKCD_=&_SCD_=..CC05&spn=1&P=142
https://job-gear.jp/maguchigroup2/vint/kyujin_l.htm?L=BMSList&BCD=WYI&NOI=10&SF=1&SD=UD,ID&VAL99=1&KCD_=25&P=1
https://job-gear.jp/llinkstaff/kyujin_l.htm?spn=1&L=BCSList&BCD=WA1&SF=1&SD=UD%2COID&_KCD_=&_KKCD_=..08&_SCD_=..CC&P=50
http://job-gear.jp/begnes2/kyujin_l.htm?L=BMSList&BCD=WGR&NOI=15&SF=1&SD=UD,ID
https://job-gear.jp/maguchigroup/risormaplus/interview_d.htm?L=BCSDetail&ID=A60927607107
https://job-gear.jp/sstaff2/kyujin_d.htm?L=BMSDetail&ID=A60808381541&from=top
http://job-gear.jp/imaimate2/kyujin_l.htm?L=BMSList&BCD=WJN&NOI=10&SF=1&SD=UD%2CID&P=2
https://job-gear.jp/imaimate2/kyujin_d.htm?L=BMSDetail&ID=AA1017418863
https://job-gear.jp/rencontre2/kyujin_d.htm?L=BMSDetail&ID=A10603589004
https://job-gear.jp/parkplan2/kyujin_l.htm?L=BMSList&BCD=WPM&NOI=10&SF=1&SD=UD%2CID&VAL91_=11&P=2
https://job-gear.jp/aiden2/kyujin_d.htm?L=BMSDetail&ID=A11228555095
https://job-gear.jp/imaimate2/kyujin_d.htm?L=BMSDetail&ID=AA1017418885
https://job-gear.jp/trygroup2/kyujin_l.htm?L=BMSList&BCD=VhP&NOI=20&SD=UD,ID&P=2
http://job-gear.jp/nexuswork2/news.htm?L=BMSList&BCD=WIW&NOI=30&SF=1&SD=UD%2CID
http://job-gear.jp/begnes2/kyujin_l.htm?L=BMSList&BCD=WGR&NOI=15&SF=1&SD=UD,ID&SCD_=KK03:KK06:KK07
https://job-gear.jp/sstaff2/kyujin_d.htm?L=BMSDetail&ID=A90415373433
http://job-gear.jp/eidaiss/faq.htm?L=BCSList&BCD=VR5&NOI=1000&SF=1&SA=OID,ID
https://job-gear.jp/begnes2/kyujin_l.htm?L=BMSList&BCD=WGR&SF=1&NOI=5&SD=UD%2CID&P=114
https://job-gear.jp/begnes2/kyujin_d.htm?L=BMSDetail&ID=AB0530025121
https://job-gear.jp/begnes2/kyujin_d.htm?L=BMSDetail&ID=AB0606161869&P=143
https://job-gear.jp/mgr2/kyujin_d.htm?L=BMSDetail&ID=A01016466183
https://job-gear.jp/mgr2/kyujin_d.htm?L=BMSDetail&ID=A01016466185
https://job-gear.jp/eidaiss2/kyujin_d.htm?L=BMSDetail&ID=AA1214719291&KCD_=35
https://job-gear.jp/sstaff2/kyujin_d.htm?L=BMSDetail&ID=A00612720834&from=top
https://job-gear.jp/torasuto2/kyujin_l.htm?L=BMSList&BCD=WQG&NOI=20&SD=UD,ID&_KKCD_=08
https://job-gear.jp/rencontre2/kyujin_d.htm?L=BMSDetail&ID=A10531545508
https://job-gear.jp/begnes2/kyujin_d.htm?L=BMSDetail&ID=AB0606164268&from=top
https://job-gear.jp/sstaff2/kyujin_d.htm?L=BMSDetail&ID=A10609640011&from=kyujin_l
https://job-gear.jp/aiden/entry_flow.htm?L=BCSList&BCD=WZH&NOI=1000&SA=OID,ID
https://job-gear.jp/area/shokushu/index.htm
https://job-gear.jp/frt2/kyujin_l.htm?L=BMSList&BCD=VsX&NOI=20&SD=UD,ID&KCD_=27207:27301:27211:27220:27204:27321:27205:27203:27224
https://job-gear.jp/treat2/kyujin_d.htm?L=BMSDetail&ID=AB0706817866
https://job-gear.jp/taskeight2/kyujin_l.htm?L=BMSList&BCD=Vk7&NOI=20&SD=UD,ID&_KKCD_=05
https://job-gear.jp/llinkstaff/spn/kyujin_l.htm?L=BCSList&BCD=WA1&SF=1&SD=UD%2COID&_KCD_=&_KKCD_=..12&_SCD_=
https://job-gear.jp/imaimate2/kyujin_l.htm?L=BMSList&BCD=WJN&NOI=10&SF=1&SD=UD
https://job-gear.jp/maguchigroup2/kyujin_d.htm?L=BMSDetail&OID=20&ID=A60906513189
https://job-gear.jp/trygroup2/kyujin_l.htm?L=BMSList&BCD=VhP&NOI=20&SD=UD,ID&SCD_=KK01:KK02
https://job-gear.jp/taskeight2/kyujin_d.htm?L=BMSDetail&ID=AB0627592492&from=kyujin_l&KCD_=28464&OD=1
https://job-gear.jp/torasuto2/kyujin_l.htm?L=BMSList&BCD=WQG&NOI=20&SD=UD,ID&KCD_=2714
https://job-gear.jp/unitec/corporate.htm?L=BCSList&BCD=01W&SF=1&NOI=1&SD=UD
https://job-gear.jp/trygroup2/kyujin_l.htm?L=BMSList&BCD=VhP&NOI=20&SD=UD,ID&KCD_=25204:25213:25384
https://job-gear.jp/taskeight2/kyujin_l.htm?L=BMSList&BCD=Vk7&NOI=20&SD=UD,ID&_KKCD_=04
https://job-gear.jp/begnes2/kyujin_d.htm?L=BMSDetail&ID=AB0606161706
https://job-gear.jp/aeonitabasimaeno/inquiry.htm
https://job-gear.jp/unitec2/spn/kyujin_d.htm?L=BMSDetail&SF=1&ID=A70410646497&BU=8810153
https://job-gear.jp/earthplanet2/kyujin_d.htm?L=BMSDetail&ID=A20404007829